rel_ms,value_counts
0,1170
10,1164
20,1148
30,1181
40,1175
50,1176
60,1196
70,1210
80,1224
90,1204
100,1192
110,1202
120,1173
130,1166
140,1176
150,1195
160,1201
170,1216
180,1206
190,1218
200,1220
210,1216
220,1230
230,1210
240,1203
250,1203
260,1196
270,1202
280,1208
290,1231
300,1237
310,1248
320,1240
330,1233
340,1226
350,1219
360,1222
370,1232
380,1211
390,1224
400,1236
410,1192
420,1207
430,1195
440,1190
450,1209
460,1216
470,1219
480,1225
490,1243
500,1225
510,1227
520,1236
530,1238
540,1222
550,1221
560,1237
570,1242
580,1275
590,1263
600,1216
610,1227
620,1251
630,1198
640,1219
650,1237
660,1227
670,1239
680,1241
690,1250
700,1236
710,1225
720,1241
730,1268
740,1264
750,1221
760,1235
770,1229
780,1248
790,1231
800,1243
810,1219
820,1254
830,1244
840,1233
850,1252
860,1260
870,1244
880,1216
890,1225
900,1222
910,1209
920,1242
930,1254
940,1218
950,1251
960,1236
970,1227
980,1233
990,1234
1000,1227
1010,1233
1020,1245
1030,1256
1040,1258
1050,1258
1060,1249
1070,1218
1080,1229
1090,1254
1100,1244
1110,1268
1120,1260
1130,1256
1140,1244
1150,1233
1160,1230
1170,1216
1180,1248
1190,1237
1200,1254
1210,1232
1220,1215
1230,1233
1240,1242
1250,1254
1260,1255
1270,1227
1280,1233
1290,1228
1300,1217
1310,1241
1320,1271
1330,1249
1340,1255
1350,1255
1360,1234
1370,1254
1380,1271
1390,1223
1400,1244
1410,1261
1420,1221
1430,1240
1440,1250
1450,1250
1460,1263
1470,1263
1480,1267
1490,1254
1500,1267
1510,1268
1520,1273
1530,1263
1540,1236
1550,1258
1560,1238
1570,1224
1580,1247
1590,1242
1600,1270
1610,1233
1620,1254
1630,1262
1640,1262
1650,1238
1660,1216
1670,1197
1680,1186
1690,1192
1700,1193
1710,1244
1720,1258
1730,1209
1740,1278
1750,1315
1760,1291
1770,1261
1780,1240
1790,1237
1800,1198
1810,1201
1820,1196
1830,1180
1840,1236
1850,1246
1860,1287
1870,1325
1880,1293
1890,1268
1900,1236
1910,1233
1920,1228
1930,1239
1940,1239
1950,1237
1960,1233
1970,1258
1980,1256
1990,1265
2000,1295
2010,1272
2020,1281
2030,1262
2040,1230
2050,1258
2060,1248
2070,1228
2080,1245
2090,1254
2100,1253
2110,1292
2120,1319
2130,1265
2140,1268
2150,1242
2160,1242
2170,1272
2180,1271
2190,1264
2200,1272
2210,1273
2220,1263
2230,1264
2240,1264
2250,1242
2260,1219
2270,1225
2280,1250
2290,1258
2300,1274
2310,1283
2320,1292
2330,1275
2340,1278
2350,1263
2360,1248
2370,1237
2380,1241
2390,1243
2400,1261
2410,1245
2420,1278
2430,1294
2440,1306
2450,1292
2460,1268
2470,1249
2480,1256
2490,1255
2500,1274
2510,1289
2520,1297
2530,1299
2540,1281
2550,1268
2560,1249
2570,1261
2580,1273
2590,1250
2600,1259
2610,1254
2620,1241
2630,1224
2640,1238
2650,1256
2660,1277
2670,1291
2680,1299
2690,1285
2700,1271
2710,1262
2720,1225
2730,1241
2740,1238
2750,1242
2760,1253
2770,1277
2780,1265
2790,1240
2800,1252
2810,1266
2820,1242
2830,1270
2840,1264
2850,1258
2860,1244
2870,1288
2880,1266
2890,1262
2900,1247
2910,1247
2920,1268
2930,1248
2940,1254
2950,1262
2960,1268
2970,1297
2980,1271
2990,1278
3000,1276
3010,1294
3020,1308
3030,1318
3040,1321
3050,1295
3060,1275
3070,1301
3080,1288
3090,1311
3100,1311
3110,1332
3120,1339
3130,1328
3140,1312
3150,1305
3160,1302
3170,1275
3180,1306
3190,1303
3200,1301
3210,1310
3220,1306
3230,1302
3240,1325
3250,1307
3260,1304
3270,1295
3280,1304
3290,1284
3300,1289
3310,1286
3320,1307
3330,1302
3340,1278
3350,1279
3360,1280
3370,1280
3380,1279
3390,1301
3400,1304
3410,1314
3420,1316
3430,1308
3440,1295
3450,1312
3460,1332
3470,1322
3480,1327
3490,1302
3500,1307
3510,1321
3520,1322
3530,1331
3540,1307
3550,1301
3560,1316
3570,1319
3580,1314
3590,1339
3600,1344
3610,1326
3620,1323
3630,1329
3640,1323
3650,1309
3660,1311
3670,1315
3680,1322
3690,1327
3700,1336
3710,1318
3720,1298
3730,1283
3740,1281
3750,1287
3760,1287
3770,1303
3780,1301
3790,1294
3800,1314
3810,1306
3820,1308
3830,1285
3840,1293
3850,1279
3860,1278
3870,1289
3880,1259
3890,1276
3900,1263
3910,1300
3920,1315
3930,1299
3940,1282
3950,1280
3960,1256
3970,1263
3980,1290
3990,1306
4000,1315
4010,1317
4020,1294
4030,1312
4040,1303
4050,1291
4060,1306
4070,1297
4080,1319
4090,1345
4100,1320
4110,1370
4120,1332
4130,1308
4140,1315
4150,1315
4160,1323
4170,1323
4180,1317
4190,1315
4200,1292
4210,1309
4220,1297
4230,1330
4240,1311
4250,1317
4260,1309
4270,1313
4280,1290
4290,1288
4300,1262
4310,1287
4320,1272
4330,1274
4340,1282
4350,1293
4360,1312
4370,1296
4380,1275
4390,1279
4400,1283
4410,1333
4420,1364
4430,1351
4440,1340
4450,1344
4460,1307
4470,1313
4480,1295
4490,1308
4500,1332
4510,1323
4520,1323
4530,1324
4540,1323
4550,1289
4560,1262
4570,1275
4580,1288
4590,1277
4600,1270
4610,1294
4620,1285
4630,1273
4640,1278
4650,1274
4660,1287
4670,1282
4680,1301
4690,1301
4700,1321
4710,1328
4720,1328
4730,1318
4740,1313
4750,1314
4760,1299
4770,1340
4780,1317
4790,1327
4800,1331
4810,1343
4820,1320
4830,1315
4840,1311
4850,1308
4860,1298
4870,1290
4880,1320
4890,1299
4900,1282
4910,1287
4920,1299
4930,1307
4940,1306
4950,1287
4960,1301
4970,1297
4980,1269
4990,1270
5000,1301
5010,1282
5020,1291
5030,1275
5040,1296
5050,1300
5060,1284
5070,1280
5080,1327
5090,1327
5100,1324
5110,1315
5120,1278
5130,1288
5140,1297
5150,1292
5160,1306
5170,1297
5180,1302
5190,1303
5200,1307
5210,1314
5220,1296
5230,1295
5240,1285
5250,1291
5260,1299
5270,1289
5280,1313
5290,1313
5300,1303
5310,1309
5320,1325
5330,1340
5340,1334
5350,1344
5360,1317
5370,1290
5380,1288
5390,1285
5400,1312
5410,1307
5420,1316
5430,1317
5440,1309
5450,1297
5460,1316
5470,1318
5480,1312
5490,1301
5500,1294
5510,1287
5520,1302
5530,1302
5540,1340
5550,1342
5560,1336
5570,1320
5580,1297
5590,1297
5600,1283
5610,1301
5620,1291
5630,1295
5640,1330
5650,1321
5660,1335
5670,1349
5680,1340
5690,1305
5700,1262
5710,1268
5720,1267
5730,1282
5740,1282
5750,1301
5760,1319
5770,1310
5780,1333
5790,1326
5800,1306
5810,1296
5820,1317
5830,1303
5840,1277
5850,1280
5860,1248
5870,1265
5880,1268
5890,1290
5900,1311
5910,1332
5920,1328
5930,1306
5940,1317
5950,1285
5960,1273
5970,1294
5980,1297
5990,1306
6000,1293
6010,1289
6020,1288
6030,1295
6040,1305
6050,1301
6060,1288
6070,1276
6080,1272
6090,1258
6100,1221
6110,1192
6120,1251
6130,1377
6140,1328
6150,1319
6160,1297
6170,1283
6180,1285
6190,1260
6200,1282
6210,1279
6220,1280
6230,1305
6240,1317
6250,1314
6260,1300
6270,1296
6280,1300
6290,1282
6300,1280
6310,1290
6320,1302
6330,1285
6340,1280
6350,1268
6360,1275
6370,1304
6380,1288
6390,1286
6400,1302
6410,1294
6420,1288
6430,1293
6440,1293
6450,1308
6460,1301
6470,1301
6480,1280
6490,1270
6500,1281
6510,1277
6520,1260
6530,1268
6540,1276
6550,1284
6560,1289
6570,1284
6580,1277
6590,1274
6600,1264
6610,1290
6620,1286
6630,1289
6640,1283
6650,1296
6660,1269
6670,1288
6680,1292
6690,1291
6700,1297
6710,1301
6720,1284
6730,1290
6740,1279
6750,1289
6760,1291
6770,1297
6780,1297
6790,1289
6800,1305
6810,1288
6820,1308
6830,1297
6840,1302
6850,1301
6860,1288
6870,1276
6880,1302
6890,1270
6900,1291
6910,1311
6920,1275
6930,1274
6940,1262
6950,1267
6960,1291
6970,1314
6980,1301
6990,1301
7000,1281
7010,1285
7020,1269
7030,1294
7040,1295
7050,1304
7060,1276
7070,1269
7080,1297
7090,1317
7100,1305
7110,1367
7120,1378
7130,1348
7140,1333
7150,1333
7160,1316
7170,1312
7180,1304
7190,1297
7200,1306
7210,1327
7220,1332
7230,1345
7240,1355
7250,1352
7260,1323
7270,1307
7280,1313
7290,1302
7300,1292
7310,1282
7320,1277
7330,1278
7340,1267
7350,1276
7360,1268
7370,1285
7380,1274
7390,1269
7400,1269
7410,1280
7420,1301
7430,1287
7440,1288
7450,1315
7460,1315
7470,1309
7480,1324
7490,1323
7500,1320
7510,1329
7520,1341
7530,1337
7540,1331
7550,1356
7560,1359
7570,1375
7580,1405
7590,1404
7600,1412
7610,1421
7620,1401
7630,1382
7640,1387
7650,1379
7660,1430
7670,1454
7680,1446
7690,1452
7700,1444
7710,1471
7720,1482
7730,1496
7740,1482
7750,1481
7760,1419
7770,1402
7780,1376
7790,1378
7800,1345
7810,1359
7820,1342
7830,1349
7840,1304
7850,1315
7860,1312
7870,1340
7880,1315
7890,1312
7900,1313
7910,1344
7920,1336
7930,1335
7940,1346
7950,1341
7960,1344
7970,1314
7980,1308
7990,1278
8000,1315
8010,1316
8020,1335
8030,1367
8040,1364
8050,1348
8060,1353
8070,1384
8080,1358
8090,1345
8100,1335
8110,1334
8120,1332
8130,1334
8140,1340
8150,1342
8160,1350
8170,1341
8180,1333
8190,1309
8200,1325
8210,1339
8220,1333
8230,1338
8240,1337
8250,1350
8260,1341
8270,1334
8280,1327
8290,1320
8300,1334
8310,1335
8320,1327
8330,1313
8340,1311
8350,1310
8360,1332
8370,1346
8380,1358
8390,1369
8400,1365
8410,1372
8420,1353
8430,1330
8440,1295
8450,1323
8460,1314
8470,1327
8480,1344
8490,1327
8500,1358
8510,1359
8520,1349
8530,1341
8540,1311
8550,1318
8560,1325
8570,1323
8580,1317
8590,1324
8600,1358
8610,1294
8620,1387
8630,1311
8640,1310
8650,1271
8660,1323
8670,1335
8680,1320
8690,1340
8700,1341
8710,1359
8720,1342
8730,1348
8740,1363
8750,1323
8760,1296
8770,1289
8780,1339
8790,1331
8800,1324
8810,1327
8820,1316
8830,1299
8840,1300
8850,1316
8860,1297
8870,1314
8880,1312
8890,1331
8900,1288
8910,1297
8920,1319
8930,1298
8940,1314
8950,1328
8960,1310
8970,1326
8980,1323
8990,1315
9000,1338
9010,1334
9020,1330
9030,1336
9040,1335
9050,1299
9060,1298
9070,1290
9080,1295
9090,1300
9100,1291
9110,1291
9120,1293
9130,1295
9140,1289
9150,1285
9160,1302
9170,1288
9180,1297
9190,1306
9200,1298
9210,1309
9220,1293
9230,1279
9240,1277
9250,1291
9260,1298
9270,1313
9280,1302
9290,1300
9300,1299
9310,1278
9320,1277
9330,1248
9340,1292
9350,1296
9360,1297
9370,1301
9380,1289
9390,1292
9400,1308
9410,1281
9420,1274
9430,1270
9440,1274
9450,1298
9460,1318
9470,1339
9480,1321
9490,1318
9500,1288
9510,1293
9520,1279
9530,1289
9540,1314
9550,1308
9560,1299
9570,1309
9580,1302
9590,1303
9600,1302
9610,1301
9620,1283
9630,1293
9640,1270
9650,1276
9660,1309
9670,1294
9680,1304
9690,1281
9700,1279
9710,1285
9720,1273
9730,1269
9740,1261
9750,1288
9760,1301
9770,1307
9780,1274
9790,1262
9800,1256
9810,1262
9820,1280
9830,1320
9840,1330
9850,1309
9860,1295
9870,1318
9880,1292
9890,1284
9900,1318
9910,1318
9920,1317
9930,1297
9940,1282
9950,1289
9960,1280
9970,1303
9980,1299
9990,1294
10000,1320
10010,1289
10020,1303
10030,1296
10040,1307
10050,1297
10060,1307
10070,1284
10080,1306
10090,1312
10100,1300
10110,1297
10120,1297
10130,1292
10140,1289
10150,1291
10160,1291
10170,1297
10180,1299
10190,1306
10200,1308
10210,1302
10220,1295
10230,1281
10240,1292
10250,1261
10260,1287
10270,1297
10280,1285
10290,1284
10300,1278
10310,1273
10320,1276
10330,1279
10340,1256
10350,1265
10360,1282
10370,1295
10380,1273
10390,1285
10400,1271
10410,1283
10420,1281
10430,1271
10440,1294
10450,1281
10460,1294
10470,1254
10480,1286
10490,1266
10500,1240
10510,1296
10520,1300
10530,1320
10540,1303
10550,1275
10560,1279
10570,1266
10580,1258
10590,1268
10600,1295
10610,1288
10620,1289
10630,1297
10640,1296
10650,1295
10660,1282
10670,1299
10680,1291
10690,1265
10700,1251
10710,1270
10720,1266
10730,1268
10740,1273
10750,1276
10760,1288
10770,1291
10780,1276
10790,1274
10800,1286
10810,1271
10820,1260
10830,1270
10840,1272
10850,1272
10860,1279
10870,1288
10880,1252
10890,1265
10900,1267
10910,1271
10920,1266
10930,1261
10940,1250
10950,1277
10960,1261
10970,1274
10980,1261
10990,1244
11000,1243
11010,1250
11020,1263
11030,1291
11040,1297
11050,1310
11060,1281
11070,1270
11080,1265
11090,1278
11100,1277
11110,1293
11120,1289
11130,1302
11140,1266
11150,1288
11160,1258
11170,1260
11180,1264
11190,1270
11200,1280
11210,1298
11220,1288
11230,1301
11240,1291
11250,1276
11260,1287
11270,1277
11280,1291
11290,1272
11300,1267
11310,1242
11320,1221
11330,1267
11340,1291
11350,1293
11360,1267
11370,1252
11380,1264
11390,1248
11400,1289
11410,1308
11420,1319
11430,1312
11440,1305
11450,1294
11460,1286
11470,1262
11480,1240
11490,1288
11500,1280
11510,1319
11520,1286
11530,1284
11540,1292
11550,1285
11560,1305
11570,1308
11580,1339
11590,1285
11600,1291
11610,1267
11620,1245
11630,1262
11640,1278
11650,1271
11660,1298
11670,1311
11680,1311
11690,1306
11700,1293
11710,1269
11720,1254
11730,1272
11740,1300
11750,1289
11760,1316
11770,1298
11780,1320
11790,1312
11800,1310
11810,1282
11820,1300
11830,1302
11840,1312
11850,1280
11860,1330
11870,1306
11880,1292
11890,1301
11900,1317
11910,1307
11920,1279
11930,1273
11940,1280
11950,1288
11960,1326
11970,1337
11980,1326
11990,1315
12000,1302
12010,1304
12020,1287
12030,1286
12040,1295
12050,1303
12060,1313
12070,1318
12080,1321
12090,1351
12100,1351
12110,1315
12120,1317
12130,1319
12140,1314
12150,1296
12160,1316
12170,1318
12180,1306
12190,1318
12200,1330
12210,1334
12220,1296
12230,1317
12240,1321
12250,1320
12260,1356
12270,1361
12280,1376
12290,1365
12300,1316
12310,1308
12320,1301
12330,1291
12340,1320
12350,1331
12360,1346
12370,1340
12380,1342
12390,1340
12400,1314
12410,1331
12420,1335
12430,1330
12440,1296
12450,1292
12460,1288
12470,1300
12480,1312
12490,1343
12500,1324
12510,1310
12520,1304
12530,1293
12540,1295
12550,1310
12560,1324
12570,1298
12580,1325
12590,1296
12600,1305
12610,1288
12620,1302
12630,1351
12640,1360
12650,1400
12660,1377
12670,1362
12680,1333
12690,1313
12700,1327
12710,1322
12720,1322
12730,1323
12740,1310
12750,1332
12760,1352
12770,1353
12780,1354
12790,1336
12800,1351
12810,1327
12820,1324
12830,1341
12840,1346
12850,1350
12860,1381
12870,1387
12880,1372
12890,1368
12900,1347
12910,1330
12920,1328
12930,1340
12940,1362
12950,1353
12960,1353
12970,1350
12980,1350
12990,1384
13000,1331
13010,1333
13020,1348
13030,1359
13040,1350
13050,1352
13060,1352
13070,1370
13080,1378
13090,1399
13100,1385
13110,1375
13120,1357
13130,1363
13140,1360
13150,1375
13160,1357
13170,1368
13180,1355
13190,1354
13200,1383
13210,1351
13220,1382
13230,1405
13240,1405
13250,1379
13260,1340
13270,1346
13280,1352
13290,1345
13300,1353
13310,1377
13320,1374
13330,1367
13340,1366
13350,1360
13360,1371
13370,1372
13380,1387
13390,1436
13400,1414
13410,1319
13420,1318
13430,1329
13440,1345
13450,1333
13460,1332
13470,1367
13480,1363
13490,1371
13500,1398
13510,1374
13520,1377
13530,1354
13540,1361
13550,1352
13560,1362
13570,1363
13580,1343
13590,1351
13600,1361
13610,1369
13620,1362
13630,1353
13640,1341
13650,1372
13660,1357
13670,1348
13680,1357
13690,1352
13700,1342
13710,1329
13720,1328
13730,1341
13740,1341
13750,1346
13760,1346
13770,1324
13780,1339
13790,1254
13800,1325
13810,1331
13820,1349
13830,1383
13840,1398
13850,1393
13860,1370
13870,1351
13880,1376
13890,1370
13900,1397
13910,1394
13920,1375
13930,1397
13940,1405
13950,1402
13960,1367
13970,1382
13980,1372
13990,1397
14000,1377
14010,1384
14020,1389
14030,1404
14040,1393
14050,1372
14060,1375
14070,1367
14080,1386
14090,1396
14100,1414
14110,1403
14120,1409
14130,1372
14140,1387
14150,1384
14160,1372
14170,1398
14180,1391
14190,1375
14200,1374
14210,1362
14220,1358
14230,1368
14240,1376
14250,1402
14260,1410
14270,1394
14280,1391
14290,1356
14300,1331
14310,1344
14320,1347
14330,1348
14340,1386
14350,1389
14360,1402
14370,1379
14380,1359
14390,1350
14400,1337
14410,1361
14420,1379
14430,1363
14440,1356
14450,1384
14460,1344
14470,1337
14480,1348
14490,1360
14500,1353
14510,1349
14520,1374
14530,1374
14540,1355
14550,1359
14560,1350
14570,1342
14580,1358
14590,1356
14600,1340
14610,1346
14620,1361
14630,1368
14640,1358
14650,1370
14660,1362
14670,1343
14680,1328
14690,1332
14700,1364
14710,1367
14720,1362
14730,1356
14740,1364
14750,1352
14760,1360
14770,1341
14780,1345
14790,1346
14800,1371
14810,1358
14820,1381
14830,1407
14840,1382
14850,1378
14860,1340
14870,1362
14880,1370
14890,1374
14900,1364
14910,1386
14920,1376
14930,1380
14940,1359
14950,1348
14960,1336
14970,1327
14980,1349
14990,1352
15000,1361
15010,1375
15020,1372
15030,1370
15040,1375
15050,1355
15060,1350
15070,1358
15080,1370
15090,1369
15100,1379
15110,1361
15120,1357
15130,1351
15140,1367
15150,1359
15160,1368
15170,1375
15180,1337
15190,1328
15200,1354
15210,1368
15220,1373
15230,1364
15240,1367
15250,1330
15260,1344
15270,1330
15280,1342
15290,1335
15300,1350
15310,1354
15320,1382
15330,1375
15340,1366
15350,1378
15360,1346
15370,1349
15380,1346
15390,1354
15400,1359
15410,1346
15420,1341
15430,1356
15440,1334
15450,1334
15460,1333
15470,1327
15480,1360
15490,1361
15500,1361
15510,1368
15520,1367
15530,1341
15540,1355
15550,1335
15560,1344
15570,1336
15580,1353
15590,1337
15600,1329
15610,1333
15620,1327
15630,1322
15640,1342
15650,1341
15660,1355
15670,1349
15680,1349
15690,1332
15700,1322
15710,1307
15720,1316
15730,1332
15740,1348
15750,1346
15760,1348
15770,1341
15780,1351
15790,1344
15800,1336
15810,1335
15820,1350
15830,1349
15840,1353
15850,1345
15860,1332
15870,1332
15880,1300
15890,1321
15900,1332
15910,1335
15920,1326
15930,1353
15940,1348
15950,1339
15960,1324
15970,1326
15980,1327
15990,1336
16000,1363
16010,1358
16020,1358
16030,1355
16040,1386
16050,1366
16060,1373
16070,1366
16080,1369
16090,1388
16100,1367
16110,1374
16120,1375
16130,1361
16140,1371
16150,1364
16160,1354
16170,1342
16180,1338
16190,1346
16200,1344
16210,1360
16220,1362
16230,1370
16240,1373
16250,1357
16260,1357
16270,1336
16280,1347
16290,1340
16300,1343
16310,1349
16320,1350
16330,1358
16340,1355
16350,1364
16360,1345
16370,1323
16380,1332
16390,1327
16400,1343
16410,1350
16420,1367
16430,1368
16440,1348
16450,1336
16460,1314
16470,1327
16480,1332
16490,1344
16500,1341
16510,1347
16520,1351
16530,1334
16540,1322
16550,1332
16560,1349
16570,1332
16580,1347
16590,1362
16600,1361
16610,1346
16620,1340
16630,1338
16640,1309
16650,1327
16660,1346
16670,1341
16680,1353
16690,1361
16700,1350
16710,1318
16720,1312
16730,1332
16740,1355
16750,1360
16760,1376
16770,1389
16780,1374
16790,1338
16800,1351
16810,1327
16820,1345
16830,1356
16840,1372
16850,1365
16860,1350
16870,1356
16880,1349
16890,1338
16900,1350
16910,1338
16920,1342
16930,1336
16940,1346
16950,1367
16960,1332
16970,1348
16980,1345
16990,1336
17000,1333
17010,1344
17020,1350
17030,1354
17040,1356
17050,1356
17060,1315
17070,1311
17080,1313
17090,1308
17100,1337
17110,1332
17120,1358
17130,1364
17140,1349
17150,1353
17160,1329
17170,1332
17180,1319
17190,1310
17200,1296
17210,1342
17220,1367
17230,1382
17240,1369
17250,1358
17260,1314
17270,1297
17280,1322
17290,1319
17300,1337
17310,1346
17320,1373
17330,1362
17340,1337
17350,1313
17360,1330
17370,1322
17380,1332
17390,1338
17400,1331
17410,1335
17420,1322
17430,1320
17440,1329
17450,1322
17460,1322
17470,1311
17480,1343
17490,1331
17500,1323
17510,1332
17520,1333
17530,1308
17540,1305
17550,1282
17560,1299
17570,1313
17580,1342
17590,1347
17600,1342
17610,1323
17620,1321
17630,1324
17640,1338
17650,1315
17660,1327
17670,1343
17680,1344
17690,1348
17700,1355
17710,1326
17720,1331
17730,1323
17740,1329
17750,1330
17760,1322
17770,1323
17780,1335
17790,1335
17800,1354
17810,1332
17820,1333
17830,1332
17840,1303
17850,1316
17860,1314
17870,1338
17880,1331
17890,1320
17900,1346
17910,1329
17920,1306
17930,1337
17940,1341
17950,1346
17960,1352
17970,1364
17980,1348
17990,1324
18000,1320
18010,1332
18020,1339
18030,1332
18040,1346
18050,1341
18060,1331
18070,1335
18080,1323
18090,1310
18100,1312
18110,1329
18120,1340
18130,1354
18140,1385
18150,1361
18160,1346
18170,1352
18180,1370
18190,1222
18200,1311
18210,1328
18220,1363
18230,1372
18240,1372
18250,1363
18260,1335
18270,1315
18280,1299
18290,1313
18300,1296
18310,1317
18320,1358
18330,1351
18340,1333
18350,1340
18360,1306
18370,1302
18380,1304
18390,1320
18400,1328
18410,1342
18420,1342
18430,1332
18440,1323
18450,1332
18460,1321
18470,1317
18480,1330
18490,1333
18500,1338
18510,1320
18520,1329
18530,1316
18540,1313
18550,1307
18560,1308
18570,1304
18580,1305
18590,1296
18600,1321
18610,1310
18620,1318
18630,1301
18640,1311
18650,1304
18660,1318
18670,1348
18680,1333
18690,1330
18700,1333
18710,1325
18720,1319
18730,1318
18740,1330
18750,1312
18760,1313
18770,1323
18780,1305
18790,1307
18800,1302
18810,1298
18820,1292
18830,1300
18840,1297
18850,1325
18860,1296
18870,1312
18880,1296
18890,1284
18900,1279
18910,1260
18920,1282
18930,1272
18940,1297
18950,1297
18960,1316
18970,1316
18980,1316
18990,1320
19000,1277
19010,1294
19020,1284
19030,1297
19040,1291
19050,1291
19060,1296
19070,1288
19080,1266
19090,1283
19100,1282
19110,1282
19120,1293
19130,1288
19140,1286
19150,1285
19160,1301
19170,1287
19180,1279
19190,1286
19200,1285
19210,1289
19220,1328
19230,1304
19240,1264
19250,1259
19260,1258
19270,1274
19280,1280
19290,1274
19300,1289
19310,1280
19320,1282
19330,1281
19340,1275
19350,1281
19360,1281
19370,1278
19380,1293
19390,1281
19400,1289
19410,1277
19420,1298
19430,1290
19440,1281
19450,1285
19460,1288
19470,1291
19480,1315
19490,1267
19500,1296
19510,1258
19520,1259
19530,1252
19540,1234
19550,1232
19560,1261
19570,1275
19580,1275
19590,1270
19600,1268
19610,1257
19620,1272
19630,1289
19640,1300
19650,1290
19660,1279
19670,1275
19680,1278
19690,1251
19700,1282
19710,1287
19720,1298
19730,1298
19740,1294
19750,1267
19760,1271
19770,1277
19780,1290
19790,1287
19800,1280
19810,1290
19820,1288
19830,1272
19840,1280
19850,1272
19860,1271
19870,1280
19880,1285
19890,1301
19900,1291
19910,1279
19920,1297
19930,1295
19940,1289
19950,1288
19960,1290
19970,1269
19980,1271
19990,1271
20000,1291
20010,1252
20020,1283
20030,1306
20040,1291
20050,1302
20060,1287
20070,1273
20080,1259
20090,1252
20100,1251
20110,1269
20120,1282
20130,1262
20140,1286
20150,1296
20160,1284
20170,1275
20180,1270
20190,1236
20200,1277
20210,1288
20220,1286
20230,1310
20240,1326
20250,1293
20260,1290
20270,1278
20280,1286
20290,1294
20300,1290
20310,1308
20320,1314
20330,1296
20340,1281
20350,1293
20360,1301
20370,1309
20380,1317
20390,1322
20400,1305
20410,1307
20420,1302
20430,1292
20440,1275
20450,1287
20460,1275
20470,1286
20480,1287
20490,1294
20500,1282
20510,1284
20520,1275
20530,1256
20540,1255
20550,1267
20560,1273
20570,1259
20580,1273
20590,1259
20600,1254
20610,1272
20620,1287
20630,1279
20640,1286
20650,1292
20660,1291
20670,1287
20680,1284
20690,1294
20700,1294
20710,1301
20720,1305
20730,1296
20740,1285
20750,1282
20760,1299
20770,1283
20780,1286
20790,1272
20800,1276
20810,1253
20820,1235
20830,1230
20840,1260
20850,1248
20860,1235
20870,1219
20880,1251
20890,1276
20900,1269
20910,1273
20920,1258
20930,1257
20940,1261
20950,1280
20960,1285
20970,1282
20980,1304
20990,1308
21000,1314
21010,1302
21020,1293
21030,1284
21040,1297
21050,1289
21060,1290
21070,1302
21080,1312
21090,1300
21100,1294
21110,1271
21120,1283
21130,1306
21140,1271
21150,1255
21160,1246
21170,1249
21180,1292
21190,1294
21200,1295
21210,1285
21220,1280
21230,1278
21240,1279
21250,1279
21260,1275
21270,1274
21280,1290
21290,1296
21300,1273
21310,1269
21320,1258
21330,1261
21340,1271
21350,1254
21360,1269
21370,1282
21380,1295
21390,1302
21400,1260
21410,1242
21420,1278
21430,1282
21440,1305
21450,1323
21460,1325
21470,1312
21480,1298
21490,1282
21500,1280
21510,1276
21520,1275
21530,1262
21540,1270
21550,1259
21560,1263
21570,1261
21580,1247
21590,1250
21600,1254
21610,1262
21620,1267
21630,1256
21640,1257
21650,1251
21660,1259
21670,1240
21680,1249
21690,1261
21700,1259
21710,1268
21720,1279
21730,1281
21740,1262
21750,1282
21760,1278
21770,1260
21780,1255
21790,1267
21800,1281
21810,1283
21820,1278
21830,1272
21840,1280
21850,1256
21860,1248
21870,1257
21880,1238
21890,1259
21900,1263
21910,1247
21920,1241
21930,1257
21940,1248
21950,1251
21960,1235
21970,1248
21980,1239
21990,1239
22000,1231
22010,1256
22020,1264
22030,1262
22040,1278
22050,1263
22060,1266
22070,1240
22080,1237
22090,1247
22100,1250
22110,1265
22120,1267
22130,1244
22140,1251
22150,1250
22160,1227
22170,1225
22180,1241
22190,1245
22200,1244
22210,1254
22220,1242
22230,1233
22240,1242
22250,1269
22260,1277
22270,1290
22280,1268
22290,1262
22300,1250
22310,1245
22320,1236
22330,1263
22340,1269
22350,1259
22360,1237
22370,1237
22380,1241
22390,1241
22400,1246
22410,1243
22420,1250
22430,1236
22440,1235
22450,1257
22460,1247
22470,1242
22480,1226
22490,1219
22500,1227
22510,1196
22520,1194
22530,1208
22540,1214
22550,1225
22560,1239
22570,1247
22580,1240
22590,1235
22600,1221
22610,1226
22620,1202
22630,1207
22640,1221
22650,1224
22660,1229
22670,1240
22680,1216
22690,1220
22700,1217
22710,1213
22720,1220
22730,1230
22740,1226
22750,1223
22760,1220
22770,1234
22780,1233
22790,1219
22800,1236
22810,1229
22820,1231
22830,1241
22840,1248
22850,1256
22860,1248
22870,1257
22880,1270
22890,1260
22900,1241
22910,1238
22920,1236
22930,1236
22940,1233
22950,1232
22960,1240
22970,1224
22980,1252
22990,1246
23000,1225
23010,1228
23020,1237
23030,1223
23040,1231
23050,1223
23060,1216
23070,1223
23080,1219
23090,1239
23100,1217
23110,1257
23120,1223
23130,1227
23140,1210
23150,1204
23160,1217
23170,1208
23180,1216
23190,1243
23200,1254
23210,1229
23220,1249
23230,1233
23240,1223
23250,1221
23260,1253
23270,1200
23280,1192
23290,1197
23300,1198
23310,1218
23320,1236
23330,1246
23340,1222
23350,1227
23360,1222
23370,1202
23380,1213
23390,1204
23400,1223
23410,1226
23420,1221
23430,1204
23440,1219
23450,1248
23460,1222
23470,1216
23480,1233
23490,1225
23500,1231
23510,1239
23520,1235
23530,1238
23540,1221
23550,1221
23560,1221
23570,1233
23580,1236
23590,1227
23600,1227
23610,1217
23620,1210
23630,1210
23640,1221
23650,1236
23660,1237
23670,1239
23680,1227
23690,1219
23700,1226
23710,1216
23720,1210
23730,1234
23740,1262
23750,1217
23760,1311
23770,1321
23780,1327
23790,1290
23800,1287
23810,1250
23820,1248
23830,1229
23840,1226
23850,1235
23860,1234
23870,1249
23880,1244
23890,1235
23900,1210
23910,1201
23920,1199
23930,1207
23940,1206
23950,1208
23960,1194
23970,1194
23980,1217
23990,1224
24000,1233
24010,1256
24020,1236
24030,1199
24040,1210
24050,1196
24060,1225
24070,1221
24080,1233
24090,1230
24100,1212
24110,1192
24120,1186
24130,1199
24140,1188
24150,1210
24160,1213
24170,1197
24180,1224
24190,1246
24200,1220
24210,1228
24220,1224
24230,1217
24240,1232
24250,1216
24260,1223
24270,1229
24280,1233
24290,1229
24300,1221
24310,1221
24320,1232
24330,1227
24340,1236
24350,1235
24360,1246
24370,1236
24380,1241
24390,1239
24400,1253
24410,1237
24420,1257
24430,1233
24440,1233
24450,1235
24460,1240
24470,1236
24480,1229
24490,1239
24500,1223
24510,1229
24520,1231
24530,1219
24540,1233
24550,1228
24560,1205
24570,1217
24580,1224
24590,1211
24600,1214
24610,1201
24620,1196
24630,1207
24640,1200
24650,1216
24660,1204
24670,1207
24680,1231
24690,1227
24700,1236
24710,1250
24720,1252
24730,1267
24740,1254
24750,1255
24760,1233
24770,1207
24780,1193
24790,1201
24800,1185
24810,1202
24820,1237
24830,1228
24840,1247
24850,1222
24860,1210
24870,1190
24880,1165
24890,1189
24900,1188
24910,1196
24920,1198
24930,1199
24940,1198
24950,1191
24960,1167
24970,1165
24980,1196
24990,1194
25000,1202
25010,1201
25020,1237
25030,1240
25040,1249
25050,1232
25060,1194
25070,1215
25080,1179
25090,1167
25100,1183
25110,1204
25120,1197
25130,1201
25140,1207
25150,1217
25160,1193
25170,1193
25180,1175
25190,1190
25200,1196
25210,1214
25220,1216
25230,1213
25240,1200
25250,1196
25260,1179
25270,1208
25280,1203
25290,1192
25300,1188
25310,1199
25320,1209
25330,1207
25340,1219
25350,1228
25360,1208
25370,1206
25380,1191
25390,1193
25400,1194
25410,1196
25420,1210
25430,1199
25440,1207
25450,1188
25460,1204
25470,1195
25480,1210
25490,1197
25500,1211
25510,1191
25520,1212
25530,1194
25540,1208
25550,1202
25560,1218
25570,1222
25580,1219
25590,1218
25600,1202
25610,1206
25620,1199
25630,1190
25640,1204
25650,1212
25660,1227
25670,1236
25680,1232
25690,1238
25700,1200
25710,1201
25720,1211
25730,1208
25740,1210
25750,1257
25760,1227
25770,1215
25780,1214
25790,1208
25800,1192
25810,1234
25820,1230
25830,1232
25840,1218
25850,1218
25860,1212
25870,1202
25880,1233
25890,1210
25900,1211
25910,1204
25920,1216
25930,1222
25940,1198
25950,1225
25960,1232
25970,1214
25980,1200
25990,1197
26000,1155
26010,1165
26020,1175
26030,1159
26040,1170
26050,1160
26060,1164
26070,1162
26080,1155
26090,1158
26100,1158
26110,1172
26120,1184
26130,1177
26140,1206
26150,1213
26160,1183
26170,1176
26180,1178
26190,1193
26200,1214
26210,1257
26220,1233
26230,1229
26240,1207
26250,1202
26260,1157
26270,1152
26280,1152
26290,1177
26300,1189
26310,1183
26320,1186
26330,1202
26340,1186
26350,1186
26360,1187
26370,1182
26380,1203
26390,1223
26400,1249
26410,1263
26420,1256
26430,1248
26440,1258
26450,1263
26460,1239
26470,1203
26480,1184
26490,1182
26500,1180
26510,1184
26520,1178
26530,1176
26540,1176
26550,1162
26560,1185
26570,1208
26580,1205
26590,1210
26600,1203
26610,1186
26620,1187
26630,1137
26640,1113
26650,1090
26660,1078
26670,1088
26680,1085
26690,1060
26700,1047
26710,1013
26720,1043
26730,1031
26740,1019
26750,1041
26760,1056
26770,1075
26780,1076
26790,1102
26800,1102
26810,1109
26820,1126
26830,1140
26840,1148
26850,1162
26860,1175
26870,1192
26880,1178
26890,1176
26900,1185
26910,1164
26920,1145
26930,1154
26940,1151
26950,1137
26960,1141
26970,1155
26980,1161
26990,1172
27000,1148
27010,1147
27020,1133
27030,1117
27040,1135
27050,1113
27060,1115
27070,1121
27080,1125
27090,1119
27100,1146
27110,1153
27120,1147
27130,1142
27140,1114
27150,1122
27160,1123
27170,1126
27180,1121
27190,1125
27200,1131
27210,1120
27220,1104
27230,1108
27240,1134
27250,1147
27260,1166
27270,1166
27280,1166
27290,1147
27300,1131
27310,1108
27320,1114
27330,1120
27340,1132
27350,1103
27360,1119
27370,1129
27380,1148
27390,1142
27400,1140
27410,1125
27420,1116
27430,1122
27440,1118
27450,1102
27460,1098
27470,1093
27480,1117
27490,1143
27500,1133
27510,1147
27520,1149
27530,1130
27540,1133
27550,1123
27560,1127
27570,1129
27580,1127
27590,1138
27600,1139
27610,1132
27620,1140
27630,1148
27640,1162
27650,1154
27660,1121
27670,1108
27680,1123
27690,1108
27700,1130
27710,1158
27720,1148
27730,1157
27740,1169
27750,1130
27760,1102
27770,1110
27780,1128
27790,1143
27800,1130
27810,1140
27820,1141
27830,1162
27840,1151
27850,1138
27860,1129
27870,1133
27880,1131
27890,1137
27900,1126
27910,1117
27920,1114
27930,1132
27940,1136
27950,1155
27960,1151
27970,1150
27980,1148
27990,1147
28000,1142
28010,1148
28020,1146
28030,1161
28040,1142
28050,1137
28060,1131
28070,1128
28080,1121
28090,1135
28100,1131
28110,1143
28120,1152
28130,1160
28140,1166
28150,1119
28160,1109
28170,1098
28180,1125
28190,1115
28200,1129
28210,1123
28220,1132
28230,1133
28240,1114
28250,1123
28260,1130
28270,1132
28280,1136
28290,1131
28300,1134
28310,1134
28320,1176
28330,1174
28340,1166
28350,1168
28360,1144
28370,1120
28380,1158
28390,1145
28400,1155
28410,1137
28420,1146
28430,1168
28440,1141
28450,1129
28460,1138
28470,1152
28480,1116
28490,1119
28500,1136
28510,1130
28520,1124
28530,1136
28540,1121
28550,1136
28560,1125
28570,1123
28580,1137
28590,1144
28600,1143
28610,1146
28620,1138
28630,1133
28640,1138
28650,1138
28660,1135
28670,1140
28680,1161
28690,1144
28700,1143
28710,1144
28720,1134
28730,1131
28740,1119
28750,1121
28760,1114
28770,1122
28780,1136
28790,1128
28800,1136
28810,1136
28820,1104
28830,1100
28840,1105
28850,1093
28860,1113
28870,1130
28880,1135
28890,1135
28900,1128
28910,1111
28920,1110
28930,1104
28940,1114
28950,1122
28960,1140
28970,1142
28980,1133
28990,1128
29000,1135
29010,1111
29020,1105
29030,1106
29040,1115
29050,1131
29060,1127
29070,1131
29080,1122
29090,1122
29100,1123
29110,1118
29120,1092
29130,1106
29140,1109
29150,1105
29160,1119
29170,1115
29180,1130
29190,1127
29200,1111
29210,1120
29220,1130
29230,1108
29240,1112
29250,1116
29260,1114
29270,1130
29280,1143
29290,1148
29300,1140
29310,1159
29320,1143
29330,1118
29340,1120
29350,1130
29360,1111
29370,1118
29380,1113
29390,1120
29400,1120
29410,1120
29420,1130
29430,1114
29440,1141
29450,1150
29460,1151
29470,1130
29480,1098
29490,1108
29500,1109
29510,1111
29520,1122
29530,1122
29540,1148
29550,1141
29560,1138
29570,1151
29580,1139
29590,1129
29600,1134
29610,1114
29620,1107
29630,1124
29640,1137
29650,1153
29660,1149
29670,1148
29680,1152
29690,1151
29700,1136
29710,1117
29720,1094
29730,1116
29740,1142
29750,1143
29760,1158
29770,1157
29780,1140
29790,1143
29800,1139
29810,1118
29820,1110
29830,1123
29840,1112
29850,1126
29860,1152
29870,1147
29880,1149
29890,1134
29900,1108
29910,1113
29920,1109
29930,1108
29940,1132
29950,1126
29960,1152
29970,1142
29980,1141
29990,1130
30000,1125
30010,1120
30020,1131
30030,1133
30040,1131
30050,1146
30060,1138
30070,1128
30080,1130
30090,1127
30100,1112
30110,1121
30120,1140
30130,1124
30140,1121
30150,1118
30160,1107
30170,1109
30180,1120
30190,1134
30200,1135
30210,1126
30220,1122
30230,1114
30240,1100
30250,1113
30260,1139
30270,1138
30280,1146
30290,1147
30300,1140
30310,1134
30320,1130
30330,1139
30340,1123
30350,1136
30360,1131
30370,1129
30380,1134
30390,1131
30400,1116
30410,1114
30420,1126
30430,1131
30440,1119
30450,1130
30460,1126
30470,1127
30480,1117
30490,1108
30500,1110
30510,1107
30520,1106
30530,1114
30540,1123
30550,1108
30560,1113
30570,1112
30580,1099
30590,1130
30600,1141
30610,1120
30620,1116
30630,1098
30640,1111
30650,1137
30660,1142
30670,1140
30680,1158
30690,1150
30700,1114
30710,1117
30720,1118
30730,1113
30740,1118
30750,1109
30760,1125
30770,1152
30780,1130
30790,1111
30800,1111
30810,1101
30820,1079
30830,1089
30840,1109
30850,1123
30860,1115
30870,1123
30880,1129
30890,1126
30900,1119
30910,1107
30920,1103
30930,1110
30940,1128
30950,1123
30960,1141
30970,1135
30980,1144
30990,1149
31000,1154
31010,1152
31020,1156
31030,1132
31040,1131
31050,1137
31060,1117
31070,1125
31080,1116
31090,1134
31100,1152
31110,1128
31120,1144
31130,1132
31140,1140
31150,1144
31160,1128
31170,1104
31180,1105
31190,1110
31200,1117
31210,1123
31220,1128
31230,1142
31240,1134
31250,1131
31260,1131
31270,1120
31280,1145
31290,1132
31300,1139
31310,1161
31320,1162
31330,1151
31340,1116
31350,1121
31360,1153
31370,1148
31380,1140
31390,1133
31400,1128
31410,1123
31420,1136
31430,1119
31440,1132
31450,1139
31460,1148
31470,1116
31480,1100
31490,1132
31500,1144
31510,1127
31520,1147
31530,1148
31540,1125
31550,1122
31560,1120
31570,1136
31580,1139
31590,1140
31600,1153
31610,1143
31620,1167
31630,1144
31640,1130
31650,1126
31660,1116
31670,1119
31680,1124
31690,1131
31700,1123
31710,1135
31720,1128
31730,1118
31740,1115
31750,1125
31760,1106
31770,1118
31780,1126
31790,1106
31800,1121
31810,1117
31820,1092
31830,1122
31840,1105
31850,1109
31860,1121
31870,1109
31880,1119
31890,1114
31900,1126
31910,1107
31920,1136
31930,1113
31940,1127
31950,1132
31960,1134
31970,1134
31980,1123
31990,1121
32000,1128
32010,1120
32020,1114
32030,1113
32040,1107
32050,1114
32060,1109
32070,1120
32080,1126
32090,1135
32100,1107
32110,1108
32120,1108
32130,1105
32140,1115
32150,1122
32160,1108
32170,1122
32180,1150
32190,1159
32200,1140
32210,1131
32220,1127
32230,1116
32240,1132
32250,1106
32260,1101
32270,1112
32280,1133
32290,1139
32300,1118
32310,1119
32320,1121
32330,1136
32340,1136
32350,1123
32360,1113
32370,1118
32380,1118
32390,1114
32400,1092
32410,1084
32420,1096
32430,1127
32440,1143
32450,1150
32460,1138
32470,1111
32480,1080
32490,1096
32500,1131
32510,1147
32520,1136
32530,1117
32540,1111
32550,1107
32560,1105
32570,1093
32580,1105
32590,1110
32600,1125
32610,1131
32620,1152
32630,1149
32640,1135
32650,1126
32660,1123
32670,1115
32680,1121
32690,1125
32700,1117
32710,1122
32720,1117
32730,1115
32740,1129
32750,1127
32760,1127
32770,1117
32780,1125
32790,1101
32800,1105
32810,1124
32820,1122
32830,1114
32840,1136
32850,1128
32860,1122
32870,1118
32880,1115
32890,1124
32900,1123
32910,1119
32920,1121
32930,1116
32940,1122
32950,1105
32960,1094
32970,1095
32980,1095
32990,1112
33000,1114
33010,1118
33020,1125
33030,1123
33040,1107
33050,1114
33060,1117
33070,1132
33080,1126
33090,1131
33100,1129
33110,1113
33120,1137
33130,1121
33140,1131
33150,1128
33160,1131
33170,1124
33180,1133
33190,1136
33200,1140
33210,1136
33220,1122
33230,1110
33240,1121
33250,1104
33260,1110
33270,1097
33280,1115
33290,1113
33300,1108
33310,1113
33320,1106
33330,1112
33340,1123
33350,1139
33360,1145
33370,1111
33380,1093
33390,1095
33400,1091
33410,1109
33420,1123
33430,1145
33440,1149
33450,1130
33460,1113
33470,1104
33480,1076
33490,1094
33500,1098
33510,1134
33520,1131
33530,1116
33540,1130
33550,1130
33560,1119
33570,1099
33580,1105
33590,1094
33600,1083
33610,1087
33620,1089
33630,1128
33640,1145
33650,1136
33660,1124
33670,1111
33680,1088
33690,1066
33700,1079
33710,1085
33720,1094
33730,1107
33740,1114
33750,1125
33760,1101
33770,1110
33780,1090
33790,1115
33800,1098
33810,1097
33820,1094
33830,1100
33840,1096
33850,1086
33860,1113
33870,1118
33880,1125
33890,1109
33900,1134
33910,1135
33920,1122
33930,1115
33940,1113
33950,1103
33960,1114
33970,1114
33980,1105
33990,1111
34000,1103
34010,1099
34020,1098
34030,1121
34040,1130
34050,1130
34060,1131
34070,1127
34080,1134
34090,1115
34100,1110
34110,1114
34120,1109
34130,1096
34140,1117
34150,1147
34160,1123
34170,1116
34180,1110
34190,1111
34200,1115
34210,1115
34220,1117
34230,1108
34240,1111
34250,1098
34260,1099
34270,1103
34280,1111
34290,1113
34300,1114
34310,1127
34320,1135
34330,1113
34340,1124
34350,1132
34360,1124
34370,1134
34380,1123
34390,1124
34400,1129
34410,1123
34420,1123
34430,1126
34440,1136
34450,1129
34460,1120
34470,1118
34480,1096
34490,1096
34500,1105
34510,1118
34520,1105
34530,1133
34540,1166
34550,1127
34560,1119
34570,1112
34580,1111
34590,1104
34600,1114
34610,1105
34620,1108
34630,1114
34640,1108
34650,1112
34660,1114
34670,1128
34680,1111
34690,1096
34700,1131
34710,1155
34720,1140
34730,1141
34740,1121
34750,1114
34760,1098
34770,1102
34780,1104
34790,1133
34800,1122
34810,1124
34820,1126
34830,1114
34840,1129
34850,1119
34860,1096
34870,1087
34880,1106
34890,1097
34900,1110
34910,1111
34920,1111
34930,1119
34940,1129
34950,1098
34960,1118
34970,1121
34980,1110
34990,1130
35000,1124
35010,1120
35020,1111
35030,1120
35040,1111
35050,1126
35060,1145
35070,1138
35080,1163
35090,1144
35100,1134
35110,1138
35120,1119
35130,1113
35140,1107
35150,1130
35160,1139
35170,1153
35180,1138
35190,1147
35200,1134
35210,1114
35220,1096
35230,1096
35240,1114
35250,1132
35260,1110
35270,1117
35280,1114
35290,1133
35300,1120
35310,1097
35320,1106
35330,1108
35340,1117
35350,1129
35360,1148
35370,1135
35380,1110
35390,1127
35400,1126
35410,1113
35420,1128
35430,1127
35440,1131
35450,1146
35460,1132
35470,1137
35480,1115
35490,1105
35500,1095
35510,1114
35520,1114
35530,1123
35540,1132
35550,1115
35560,1119
35570,1072
35580,1105
35590,1109
35600,1123
35610,1123
35620,1124
35630,1140
35640,1118
35650,1132
35660,1126
35670,1120
35680,1126
35690,1135
35700,1175
35710,1159
35720,1146
35730,1146
35740,1111
35750,1099
35760,1087
35770,1092
35780,1095
35790,1099
35800,1113
35810,1093
35820,1154
35830,1121
35840,1098
35850,1111
35860,1093
35870,1118
35880,1127
35890,1114
35900,1109
35910,1090
35920,1096
35930,1105
35940,1106
35950,1120
35960,1143
35970,1145
35980,1172
35990,1152
36000,1117
36010,1131
36020,1105
36030,1105
36040,1106
36050,1099
36060,1107
36070,1116
36080,1140
36090,1138
36100,1136
36110,1149
36120,1116
36130,1118
36140,1208
36150,1142
36160,1140
36170,1139
36180,1131
36190,1123
36200,1135
36210,1146
36220,1182
36230,1166
36240,1162
36250,1157
36260,1145
36270,1144
36280,1130
36290,1124
36300,1140
36310,1132
36320,1152
36330,1152
36340,1160
36350,1149
36360,1130
36370,1137
36380,1114
36390,1141
36400,1142
36410,1149
36420,1159
36430,1123
36440,1128
36450,1115
36460,1111
36470,1111
36480,1113
36490,1126
36500,1138
36510,1141
36520,1166
36530,1151
36540,1158
36550,1140
36560,1131
36570,1114
36580,1134
36590,1136
36600,1150
36610,1163
36620,1158
36630,1153
36640,1134
36650,1126
36660,1125
36670,1126
36680,1128
36690,1128
36700,1116
36710,1137
36720,1125
36730,1112
36740,1131
36750,1131
36760,1128
36770,1120
36780,1118
36790,1113
36800,1122
36810,1129
36820,1122
36830,1127
36840,1139
36850,1140
36860,1132
36870,1128
36880,1133
36890,1126
36900,1123
36910,1118
36920,1127
36930,1134
36940,1154
36950,1153
36960,1144
36970,1138
36980,1114
36990,1105
37000,1100
37010,1127
37020,1123
37030,1116
37040,1110
37050,1100
37060,1100
37070,1091
37080,1074
37090,1085
37100,1079
37110,1101
37120,1111
37130,1120
37140,1106
37150,1125
37160,1095
37170,1101
37180,1099
37190,1103
37200,1139
37210,1121
37220,1106
37230,1125
37240,1115
37250,1104
37260,1131
37270,1121
37280,1130
37290,1122
37300,1133
37310,1135
37320,1134
37330,1135
37340,1113
37350,1121
37360,1131
37370,1119
37380,1093
37390,1099
37400,1097
37410,1110
37420,1108
37430,1123
37440,1118
37450,1109
37460,1105
37470,1105
37480,1103
37490,1114
37500,1113
37510,1116
37520,1112
37530,1117
37540,1106
37550,1102
37560,1087
37570,1097
37580,1099
37590,1102
37600,1108
37610,1111
37620,1100
37630,1105
37640,1105
37650,1136
37660,1117
37670,1116
37680,1098
37690,1080
37700,1095
37710,1097
37720,1107
37730,1137
37740,1136
37750,1122
37760,1100
37770,1101
37780,1083
37790,1078
37800,1075
37810,1092
37820,1098
37830,1107
37840,1120
37850,1123
37860,1131
37870,1110
37880,1100
37890,1079
37900,1084
37910,1096
37920,1096
37930,1102
37940,1104
37950,1107
37960,1117
37970,1124
37980,1098
37990,1111
38000,1122
38010,1125
38020,1131
38030,1134
38040,1109
38050,1122
38060,1120
38070,1117
38080,1104
38090,1110
38100,1105
38110,1122
38120,1116
38130,1143
38140,1142
38150,1122
38160,1096
38170,1076
38180,1074
38190,1062
38200,1073
38210,1083
38220,1090
38230,1097
38240,1094
38250,1117
38260,1103
38270,1092
38280,1112
38290,1112
38300,1111
38310,1098
38320,1097
38330,1114
38340,1111
38350,1116
38360,1117
38370,1118
38380,1113
38390,1108
38400,1123
38410,1109
38420,1125
38430,1122
38440,1109
38450,1100
38460,1089
38470,1116
38480,1116
38490,1128
38500,1105
38510,1092
38520,1103
38530,1096
38540,1092
38550,1103
38560,1143
38570,1150
38580,1124
38590,1122
38600,1124
38610,1100
38620,1109
38630,1119
38640,1130
38650,1150
38660,1137
38670,1146
38680,1136
38690,1125
38700,1097
38710,1105
38720,1097
38730,1100
38740,1123
38750,1134
38760,1152
38770,1173
38780,1136
38790,1146
38800,1120
38810,1085
38820,1087
38830,1079
38840,1098
38850,1095
38860,1081
38870,1087
38880,1098
38890,1128
38900,1105
38910,1114
38920,1109
38930,1105
38940,1095
38950,1105
38960,1091
38970,1079
38980,1083
38990,1094
39000,1133
39010,1124
39020,1138
39030,1138
39040,1134
39050,1136
39060,1130
39070,1113
39080,1096
39090,1128
39100,1123
39110,1107
39120,1094
39130,1098
39140,1103
39150,1101
39160,1117
39170,1114
39180,1108
39190,1112
39200,1117
39210,1136
39220,1144
39230,1142
39240,1135
39250,1125
39260,1126
39270,1155
39280,1128
39290,1137
39300,1134
39310,1111
39320,1110
39330,1123
39340,1115
39350,1091
39360,1086
39370,1079
39380,1060
39390,1046
39400,1045
39410,1027
39420,1023
39430,1027
39440,1089
39450,1116
39460,1132
39470,1108
39480,1114
39490,1109
39500,1105
39510,1108
39520,1108
39530,1129
39540,1143
39550,1140
39560,1151
39570,1157
39580,1133
39590,1134
39600,1127
39610,1133
39620,1119
39630,1118
39640,1114
39650,1113
39660,1114
39670,1116
39680,1107
39690,1091
39700,1123
39710,1098
39720,1089
39730,1101
39740,1107
39750,1092
39760,1087
39770,1068
39780,1083
39790,1068
39800,1122
39810,1102
39820,1108
39830,1112
39840,1118
39850,1114
39860,1054
39870,1057
39880,1098
39890,1034
39900,1110
39910,1051
39920,1084
39930,1074
39940,1051
39950,1016
39960,1057
39970,1031
39980,1001
39990,1001
40000,991
40010,1051
40020,1055
40030,1066
40040,1057
40050,1053
40060,1063
40070,1071
40080,1069
40090,1065
40100,1082
40110,1081
40120,1088
40130,1072
40140,1062
40150,1054
40160,1060
40170,1057
40180,1061
40190,1055
40200,1069
40210,1079
40220,1108
40230,1096
40240,1087
40250,1100
40260,1116
40270,1079
40280,1096
40290,1084
40300,1091
40310,1124
40320,1102
40330,1151
40340,1089
40350,1089
40360,1085
40370,1068
40380,1068
40390,1090
40400,1074
40410,1100
40420,1121
40430,1088
40440,1085
40450,1078
40460,1050
40470,1051
40480,1069
40490,1096
40500,1116
40510,1102
40520,1091
40530,1074
40540,1070
40550,1079
40560,1098
40570,1072
40580,1076
40590,1074
40600,1073
40610,1065
40620,1071
40630,1070
40640,1066
40650,1063
40660,1067
40670,1094
40680,1078
40690,1080
40700,1071
40710,1102
40720,1068
40730,1079
40740,1095
40750,1088
40760,1098
40770,1063
40780,1059
40790,1052
40800,1054
40810,1057
40820,1052
40830,1054
40840,1054
40850,1075
40860,1079
40870,1076
40880,1089
40890,1077
40900,1058
40910,1059
40920,1069
40930,1063
40940,1091
40950,1102
40960,1117
40970,1113
40980,1116
40990,1096
41000,1086
41010,1092
41020,1091
41030,1078
41040,1101
41050,1091
41060,1100
41070,1131
41080,1113
41090,1099
41100,1089
41110,1069
41120,1100
41130,1110
41140,1091
41150,1086
41160,1062
41170,1062
41180,1069
41190,1074
41200,1088
41210,1076
41220,1105
41230,1088
41240,1077
41250,1061
41260,1061
41270,1064
41280,1087
41290,1087
41300,1067
41310,1077
41320,1076
41330,1086
41340,1087
41350,1075
41360,1070
41370,1077
41380,1060
41390,1073
41400,1053
41410,1063
41420,1080
41430,1054
41440,1081
41450,1108
41460,1096
41470,1098
41480,1075
41490,1066
41500,1065
41510,1067
41520,1076
41530,1076
41540,1091
41550,1101
41560,1085
41570,1078
41580,1067
41590,1067
41600,1060
41610,1062
41620,1062
41630,1060
41640,1066
41650,1055
41660,1070
41670,1066
41680,1068
41690,1082
41700,1088
41710,1083
41720,1069
41730,1067
41740,1056
41750,1068
41760,1083
41770,1094
41780,1093
41790,1083
41800,1069
41810,1053
41820,1048
41830,1076
41840,1087
41850,1106
41860,1106
41870,1114
41880,1088
41890,1074
41900,1092
41910,1088
41920,1088
41930,1100
41940,1099
41950,1078
41960,1081
41970,1070
41980,1082
41990,1073
42000,1078
42010,1072
42020,1074
42030,1079
42040,1074
42050,1054
42060,1070
42070,1068
42080,1088
42090,1084
42100,1089
42110,1084
42120,1095
42130,1075
42140,1081
42150,1076
42160,1094
42170,1072
42180,1084
42190,1076
42200,1086
42210,1095
42220,1096
42230,1091
42240,1080
42250,1070
42260,1071
42270,1092
42280,1077
42290,1062
42300,1095
42310,1102
42320,1089
42330,1085
42340,1080
42350,1069
42360,1055
42370,1078
42380,1070
42390,1077
42400,1085
42410,1085
42420,1087
42430,1083
42440,1063
42450,1046
42460,1060
42470,1073
42480,1088
42490,1092
42500,1098
42510,1077
42520,1084
42530,1064
42540,1045
42550,1051
42560,1050
42570,1069
42580,1085
42590,1091
42600,1086
42610,1097
42620,1092
42630,1073
42640,1102
42650,1108
42660,1120
42670,1125
42680,1114
42690,1124
42700,1131
42710,1088
42720,1094
42730,1092
42740,1073
42750,1056
42760,1075
42770,1085
42780,1096
42790,1092
42800,1080
42810,1070
42820,1059
42830,1036
42840,1052
42850,1055
42860,1057
42870,1071
42880,1082
42890,1075
42900,1074
42910,1076
42920,1079
42930,1086
42940,1111
42950,1121
42960,1149
42970,1138
42980,1158
42990,1139
43000,1079
43010,1099
43020,1079
43030,1096
43040,1095
43050,1082
43060,1093
43070,1073
43080,1065
43090,1062
43100,1060
43110,1073
43120,1092
43130,1097
43140,1083
43150,1080
43160,1084
43170,1066
43180,1091
43190,1078
43200,1077
43210,1099
43220,1106
43230,1095
43240,1102
43250,1103
43260,1086
43270,1062
43280,1070
43290,1076
43300,1095
43310,1093
43320,1116
43330,1081
43340,1070
43350,1051
43360,1054
43370,1054
43380,1073
43390,1082
43400,1083
43410,1080
43420,1071
43430,1070
43440,1052
43450,1051
43460,1078
43470,1085
43480,1076
43490,1079
43500,1096
43510,1069
43520,1060
43530,1056
43540,1055
43550,1052
43560,1072
43570,1089
43580,1100
43590,1088
43600,1091
43610,1086
43620,1062
43630,1065
43640,1070
43650,1081
43660,1097
43670,1088
43680,1084
43690,1095
43700,1076
43710,1084
43720,1086
43730,1074
43740,1065
43750,1044
43760,1045
43770,1051
43780,1051
43790,1045
43800,1066
43810,1075
43820,1088
43830,1090
43840,1158
43850,1138
43860,1145
43870,1133
43880,1106
43890,1139
43900,1120
43910,1138
43920,1138
43930,1138
43940,1095
43950,1065
43960,1062
43970,1071
43980,1090
43990,1085
44000,1079
44010,1085
44020,1068
44030,1048
44040,1059
44050,1064
44060,1068
44070,1072
44080,1067
44090,1085
44100,1078
44110,1080
44120,1068
44130,1079
44140,1068
44150,1085
44160,1074
44170,1080
44180,1065
44190,1066
44200,1067
44210,1065
44220,1050
44230,1052
44240,1044
44250,1038
44260,1038
44270,1060
44280,1056
44290,1058
44300,1058
44310,1089
44320,1061
44330,1072
44340,1044
44350,1049
44360,1050
44370,1046
44380,1079
44390,1072
44400,1079
44410,1081
44420,1065
44430,1070
44440,1076
44450,1073
44460,1086
44470,1083
44480,1056
44490,1058
44500,1058
44510,1068
44520,1073
44530,1095
44540,1087
44550,1088
44560,1072
44570,1069
44580,1069
44590,1071
44600,1071
44610,1123
44620,1130
44630,1082
44640,1071
44650,1106
44660,1087
44670,1080
44680,1056
44690,1055
44700,1062
44710,1069
44720,1051
44730,1053
44740,1084
44750,1076
44760,1053
44770,1062
44780,1067
44790,1051
44800,1046
44810,1051
44820,1049
44830,1062
44840,1074
44850,1047
44860,1049
44870,1053
44880,1040
44890,1034
44900,1033
44910,1036
44920,1041
44930,1051
44940,1068
44950,1062
44960,1070
44970,1068
44980,1069
44990,1076
